{"cameraMode":{"drawMode":0,"name":"Shaded","section":"Shading Mode"},"sceneLighting":false,"audioPlay":false,"sceneViewState":{"showFog":true,"showMaterialUpdate":false,"showSkybox":false,"showFlares":true,"showImageEffects":true,"showParticleSystems":true},"in2DMode":false,"pivot":{"x":2.9700002670288088,"y":0.0,"z":5.21540641784668e-8},"rotation":{"x":-0.10195542126893997,"y":0.05784251168370247,"z":-0.005895970854908228,"w":-0.9931210279464722},"size":0.43301278352737429,"orthographic":false}